1|Joe|Biden|default@yahoo.com|66|home_+40_111111111|SomeDefault Street_111_1_1_411111_Bucharest_Romania|SomeDefaultCompany SRL_SomeDefault Street_111_1_1_411111_Bucharest_Romania|Favorite
2|Napoleon|Bonaparte|napoleon2018@yahoo.com|63|versailles_+5_5552340|SomeDefault Street_111_1_1_411111_Bucharest_Romania|SomeDefaultCompany SRL_SomeDefault Street_111_1_1_411111_Bucharest_Romania|Favorite
3|Elena|Ceausescu|default@yahoo.com|66|home_+40_111111111|SomeDefault Street_111_1_1_411111_Bucharest_Romania|SomeDefaultCompany SRL_SomeDefault Street_111_1_1_411111_Bucharest_Romania|Favorite
4|Nicolae|Ceausescu|default@yahoo.com|66|home_+40_111111111|SomeDefault Street_111_1_1_411111_Bucharest_Romania|Romania SRL_SomeDefault Street_111_1_1_411111_Bucharest_Romania|Favorite
5|Florinel|Coman|fcoman@gmail.com|21|home_+40_730160257|Drumul Taberei_66_27_5_662857_Bucharest_Romania|FCSB_Drumul Taberei_66_27_5_662857_Bucharest_Romania|Favorite
6|Anghel|Iordanescu|default@yahoo.com|66|home_+40_111111111|SomeDefault Street_111_1_1_411111_Bucharest_Romania|SomeDefaultCompany SRL_SomeDefault Street_111_1_1_411111_Bucharest_Romania|Not favorite
7|John|Kennedy|kennedy@gmail.com|69|default_+40_600000|Default Street_1_1_1_100000_Bucharest_Romania|Default Company_Default Street_1_1_1_100000_Bucharest_Romania|Favorite
8|Barack|Obama|default@yahoo.com|66|home_+40_111111111|SomeDefault Street_111_1_1_411111_Bucharest_Romania|SomeDefaultCompany SRL_SomeDefault Street_111_1_1_411111_Bucharest_Romania|Favorite
9|Larry|Page|default@yahoo.com|66|home_+40_111111111|SomeDefault Street_111_1_1_411111_Bucharest_Romania|SomeDefaultCompany SRL_SomeDefault Street_111_1_1_411111_Bucharest_Romania|Favorite
10|Victor|Piturca|default@yahoo.com|66|workplace_+40_7899002|SomeDefault Street_111_1_1_411111_Bucharest_Romania|SomeDefaultCompany SRL_SomeDefault Street_111_1_1_411111_Bucharest_Romania|Not favorite
11|Alex|Stefanescu|default@yahoo.com|66|home_+40_111111111|SomeDefault Street_111_1_1_411111_Bucharest_Romania|SomeDefaultCompany SRL_SomeDefault Street_111_1_1_411111_Bucharest_Romania|Favorite
12|Donald|Trump|dtrump@gmail.com|74|Oval Office_+1_77665544|some street in washington_777_1_6_0001_Washington DC_USA|US Govt_some street in washington_777_1_6_0001_Washington DC_USA|Favorite
13|Mark|Twain|default@yahoo.com|66|home_+40_111111111|SomeDefault Street_111_1_1_411111_Bucharest_Romania|SomeDefaultCompany SRL_SomeDefault Street_111_1_1_411111_Bucharest_Romania|Favorite
14|Mark|Wahlberg|email@gmail.com|46|home_+1_768529000|Default Street_1_1_1_100000_Bucharest_Romania|Default Company_Default Street_1_1_1_100000_Bucharest_Romania|Not favorite
15|Arsene|Wenger|default@yahoo.com|66|home_+40_111111111|SomeDefault Street_111_1_1_411111_Bucharest_Romania|SomeDefaultCompany SRL_SomeDefault Street_111_1_1_411111_Bucharest_Romania|Favorite
16|Mark|Zuckerberg|default@yahoo.com|66|home_+40_111111111|SomeDefault Street_111_1_1_411111_Bucharest_Romania|SomeDefaultCompany SRL_SomeDefault Street_111_1_1_411111_Bucharest_Romania|Favorite
17|Karim|Benzema|default@yahoo.com|66|work_+55_730257|SomeDefault Street_111_1_1_411111_Bucharest_Romania|SomeDefaultCompany SRL_SomeDefault Street_111_1_1_411111_Bucharest_Romania|Favorite
17|Karim|Benzema|default@yahoo.com|66|home_+40_111111111|SomeDefault Street_111_1_1_411111_Bucharest_Romania|SomeDefaultCompany SRL_SomeDefault Street_111_1_1_411111_Bucharest_Romania|Favorite
18|Bill|Gates|default@yahoo.com|64|home_+40_111111111|Bill Gates's Street_291_1_1_411111_New York_USA|Microsoft SRL_Bill Gates's Street_291_1_1_411111_New York_USA|Favorite
19|Hillary|Clinton|default@yahoo.com|65|home_+40_111111111|SomeDefault Street_111_1_1_411111_Bucharest_Romania|SomeDefaultCompany SRL_SomeDefault Street_111_1_1_411111_Bucharest_Romania|Favorite
20|Leo|DiCaprio|default@yahoo.com|43|home_+40_111111111|SomeDefault Street_111_1_1_411111_Bucharest_Romania|SomeDefaultCompany SRL_SomeDefault Street_111_1_1_411111_Bucharest_Romania|Favorite
21|Leonardo|DaVinci|leonardo@yahoo.com|66|home_+40_111111111|SomeDefault Street_111_1_1_411111_Bucharest_Romania|SomeDefaultCompany SRL_SomeDefault Street_111_1_1_411111_Bucharest_Romania|Favorite
22|Alex|Ferguson|default@yahoo.com|75|work_+68_732046|SomeDefault Street_111_1_1_411111_Bucharest_Romania|SomeDefaultCompany SRL_SomeDefault Street_111_1_1_411111_Bucharest_Romania|Favorite
24|Emmanuel|Macron|default@yahoo.com|51|home_+40_111111111|SomeDefault Street_111_1_1_411111_Bucharest_Romania|SomeDefaultCompany SRL_SomeDefault Street_111_1_1_411111_Bucharest_Romania|Not favorite
25|William|Shakespeare|default@yahoo.com|66|home_+40_111111111|SomeDefault Street_111_1_1_411111_Bucharest_Romania|SomeDefaultCompany SRL_SomeDefault Street_111_1_1_411111_Bucharest_Romania|Favorite
26|Vadim|Tudor|default@yahoo.com|66|home_+40_111111111|SomeDefault Street_111_1_1_411111_Bucharest_Romania|SomeDefaultCompany SRL_SomeDefault Street_111_1_1_411111_Bucharest_Romania|Favorite
27|Steve|Jobs|default@yahoo.com|66|home_+40_111111111|SomeDefault Street_111_1_1_411111_Bucharest_Romania|SomeDefaultCompany SRL_SomeDefault Street_111_1_1_411111_Bucharest_Romania|Favorite
28|Traian|Baselu|tbs@yahoo.com|70|office_+40_87992244|Calea Victoriei_48_20_3_40030_Bucharest_Romania|Presidency SRL_Calea Victoriei_48_20_3_40030_Bucharest_Romania|Favorite
28|Traian|Baselu|tbs@yahoo.com|70|2ndOffice_+40_6840333|Calea Victoriei_48_20_3_40030_Bucharest_Romania|Presidency SRL_Calea Victoriei_48_20_3_40030_Bucharest_Romania|Favorite
28|Traian|Baselu|tbs@yahoo.com|70|home_+40_60440060|Calea Victoriei_48_20_3_40030_Bucharest_Romania|Presidency SRL_Calea Victoriei_48_20_3_40030_Bucharest_Romania|Favorite
29|George|Clooney|georgeclooney@gmail.com|66|home_+1_700230118|Default Street_1_1_1_100000_Bucharest_Romania|Default Company_Default Street_1_1_1_100000_Bucharest_Romania|Favorite
30|Gheorghe|Dinca|gdinca@gmail.com|55|work_+40_66778899|_2_23_4_232332_asdasd_Romania|ThisCompany__2_23_4_232332_asdasd_Romania|Not favorite
30|Gheorghe|Dinca|gdinca@gmail.com|55|home_+40_566789|_2_23_4_232332_asdasd_Romania|ThisCompany__2_23_4_232332_asdasd_Romania|Not favorite
31|Ion|Ionescu|ionescu@yahoo.com|66|home_+40_6344566|Mihai Eminescu_12_33_2_64221_Bucharest_Romania|Another Company SRL_Mihai Eminescu_12_33_2_64221_Bucharest_Romania|Not favorite
32|Cristian Tudor|Popescu|default@yahoo.com|66|home_+40_111111111|SomeDefault Street_111_1_1_411111_Bucharest_Romania|SomeDefaultCompany SRL_SomeDefault Street_111_1_1_411111_Bucharest_Romania|Favorite
33|Andrei|Stoian|stoianandrei@yahoo.com|32|home_+40_728570162|Stefan cel Mare_128_57_8_12700_Constanta_Romania|Jademy_Stefan cel Mare_128_57_8_12700_Constanta_Romania|Not favorite
